Match,Player 1,Player 2,Player3,Player 4
1,random,random,random,random
2,random,random,random,random
3,random,random,random,random
4,random,random,random,random
5,random,random,random,random
6,random,random,random,random
7,rotate,random,rotate,random
8,random,rotate,random,rotate
9,random,random,rotate,rotate
10,rotate,random,random,rotate
11,random,rotate,rotate,random
12,rotate,rotate,random,random
13,rotate,rotate,rotate,rotate
14,rotate,rotate,rotate,rotate
15,rotate,rotate,rotate,rotate
16,rotate,rotate,rotate,rotate
17,rotate,rotate,rotate,rotate
18,rotate,rotate,rotate,rotate
19,random3,random,random3,random
20,random,random3,random,random3
21,random,random,random3,random3
22,random3,random,random,random3
23,random,random3,random3,random
24,random3,random3,random,random
25,rotate,random3,rotate,random3
26,random3,rotate,random3,rotate
27,random3,random3,rotate,rotate
28,rotate,random3,random3,rotate
29,random3,rotate,rotate,random3
30,rotate,rotate,random3,random3
31,random3,random3,random3,random3
32,random3,random3,random3,random3
33,random3,random3,random3,random3
34,random3,random3,random3,random3
35,random3,random3,random3,random3
36,random3,random3,random3,random3
37,random,radicaleq,random,radicaleq
38,radicaleq,random,radicaleq,random
39,radicaleq,radicaleq,random,random
40,random,radicaleq,radicaleq,random
41,radicaleq,random,random,radicaleq
42,random,random,radicaleq,radicaleq
43,rotate,radicaleq,rotate,radicaleq
44,radicaleq,rotate,radicaleq,rotate
45,radicaleq,radicaleq,rotate,rotate
46,rotate,radicaleq,radicaleq,rotate
47,radicaleq,rotate,rotate,radicaleq
48,rotate,rotate,radicaleq,radicaleq
49,random3,radicaleq,random3,radicaleq
50,radicaleq,random3,radicaleq,random3
51,radicaleq,radicaleq,random3,random3
52,random3,radicaleq,radicaleq,random3
53,radicaleq,random3,random3,radicaleq
54,random3,random3,radicaleq,radicaleq
55,radicaleq,radicaleq,radicaleq,radicaleq
56,radicaleq,radicaleq,radicaleq,radicaleq
57,radicaleq,radicaleq,radicaleq,radicaleq
58,radicaleq,radicaleq,radicaleq,radicaleq
59,radicaleq,radicaleq,radicaleq,radicaleq
60,radicaleq,radicaleq,radicaleq,radicaleq
61,rotate0,random,rotate0,random
62,random,rotate0,random,rotate0
63,random,random,rotate0,rotate0
64,rotate0,random,random,rotate0
65,random,rotate0,rotate0,random
66,rotate0,rotate0,random,random
67,rotate,rotate0,rotate,rotate0
68,rotate0,rotate,rotate0,rotate
69,rotate0,rotate0,rotate,rotate
70,rotate,rotate0,rotate0,rotate
71,rotate0,rotate,rotate,rotate0
72,rotate,rotate,rotate0,rotate0
73,rotate0,random3,rotate0,random3
74,random3,rotate0,random3,rotate0
75,random3,random3,rotate0,rotate0
76,rotate0,random3,random3,rotate0
77,random3,rotate0,rotate0,random3
78,rotate0,rotate0,random3,random3
79,rotate0,radicaleq,rotate0,radicaleq
80,radicaleq,rotate0,radicaleq,rotate0
81,radicaleq,radicaleq,rotate0,rotate0
82,rotate0,radicaleq,radicaleq,rotate0
83,radicaleq,rotate0,rotate0,radicaleq
84,rotate0,rotate0,radicaleq,radicaleq
85,rotate0,rotate0,rotate0,rotate0
86,rotate0,rotate0,rotate0,rotate0
87,rotate0,rotate0,rotate0,rotate0
88,rotate0,rotate0,rotate0,rotate0
89,rotate0,rotate0,rotate0,rotate0
90,rotate0,rotate0,rotate0,rotate0
91,caste,random,caste,random
92,random,caste,random,caste
93,random,random,caste,caste
94,caste,random,random,caste
95,random,caste,caste,random
96,caste,caste,random,random
97,rotate,caste,rotate,caste
98,caste,rotate,caste,rotate
99,caste,caste,rotate,rotate
100,rotate,caste,caste,rotate
101,caste,rotate,rotate,caste
102,rotate,rotate,caste,caste
103,caste,random3,caste,random3
104,random3,caste,random3,caste
105,random3,random3,caste,caste
106,caste,random3,random3,caste
107,random3,caste,caste,random3
108,caste,caste,random3,random3
109,radicaleq,caste,radicaleq,caste
110,caste,radicaleq,caste,radicaleq
111,caste,caste,radicaleq,radicaleq
112,radicaleq,caste,caste,radicaleq
113,caste,radicaleq,radicaleq,caste
114,radicaleq,radicaleq,caste,caste
115,rotate0,caste,rotate0,caste
116,caste,rotate0,caste,rotate0
117,caste,caste,rotate0,rotate0
118,rotate0,caste,caste,rotate0
119,caste,rotate0,rotate0,caste
120,rotate0,rotate0,caste,caste
121,caste,caste,caste,caste
122,caste,caste,caste,caste
123,caste,caste,caste,caste
124,caste,caste,caste,caste
125,caste,caste,caste,caste
126,caste,caste,caste,caste
127,equalize,random,equalize,random
128,random,equalize,random,equalize
129,random,random,equalize,equalize
130,equalize,random,random,equalize
131,random,equalize,equalize,random
132,equalize,equalize,random,random
133,rotate,equalize,rotate,equalize
134,equalize,rotate,equalize,rotate
135,equalize,equalize,rotate,rotate
136,rotate,equalize,equalize,rotate
137,equalize,rotate,rotate,equalize
138,rotate,rotate,equalize,equalize
139,equalize,random3,equalize,random3
140,random3,equalize,random3,equalize
141,random3,random3,equalize,equalize
142,equalize,random3,random3,equalize
143,random3,equalize,equalize,random3
144,equalize,equalize,random3,random3
145,radicaleq,equalize,radicaleq,equalize
146,equalize,radicaleq,equalize,radicaleq
147,equalize,equalize,radicaleq,radicaleq
148,radicaleq,equalize,equalize,radicaleq
149,equalize,radicaleq,radicaleq,equalize
150,radicaleq,radicaleq,equalize,equalize
151,rotate0,equalize,rotate0,equalize
152,equalize,rotate0,equalize,rotate0
153,equalize,equalize,rotate0,rotate0
154,rotate0,equalize,equalize,rotate0
155,equalize,rotate0,rotate0,equalize
156,rotate0,rotate0,equalize,equalize
157,caste,equalize,caste,equalize
158,equalize,caste,equalize,caste
159,equalize,equalize,caste,caste
160,caste,equalize,equalize,caste
161,equalize,caste,caste,equalize
162,caste,caste,equalize,equalize
163,equalize,equalize,equalize,equalize
164,equalize,equalize,equalize,equalize
165,equalize,equalize,equalize,equalize
166,equalize,equalize,equalize,equalize
167,equalize,equalize,equalize,equalize
168,equalize,equalize,equalize,equalize
169,random,turntaking,random,turntaking
170,turntaking,random,turntaking,random
171,turntaking,turntaking,random,random
172,random,turntaking,turntaking,random
173,turntaking,random,random,turntaking
174,random,random,turntaking,turntaking
175,rotate,turntaking,rotate,turntaking
176,turntaking,rotate,turntaking,rotate
177,turntaking,turntaking,rotate,rotate
178,rotate,turntaking,turntaking,rotate
179,turntaking,rotate,rotate,turntaking
180,rotate,rotate,turntaking,turntaking
181,random3,turntaking,random3,turntaking
182,turntaking,random3,turntaking,random3
183,turntaking,turntaking,random3,random3
184,random3,turntaking,turntaking,random3
185,turntaking,random3,random3,turntaking
186,random3,random3,turntaking,turntaking
187,turntaking,radicaleq,turntaking,radicaleq
188,radicaleq,turntaking,radicaleq,turntaking
189,radicaleq,radicaleq,turntaking,turntaking
190,turntaking,radicaleq,radicaleq,turntaking
191,radicaleq,turntaking,turntaking,radicaleq
192,turntaking,turntaking,radicaleq,radicaleq
193,rotate0,turntaking,rotate0,turntaking
194,turntaking,rotate0,turntaking,rotate0
195,turntaking,turntaking,rotate0,rotate0
196,rotate0,turntaking,turntaking,rotate0
197,turntaking,rotate0,rotate0,turntaking
198,rotate0,rotate0,turntaking,turntaking
199,turntaking,caste,turntaking,caste
200,caste,turntaking,caste,turntaking
201,caste,caste,turntaking,turntaking
202,turntaking,caste,caste,turntaking
203,caste,turntaking,turntaking,caste
204,turntaking,turntaking,caste,caste
205,equalize,turntaking,equalize,turntaking
206,turntaking,equalize,turntaking,equalize
207,turntaking,turntaking,equalize,equalize
208,equalize,turntaking,turntaking,equalize
209,turntaking,equalize,equalize,turntaking
210,equalize,equalize,turntaking,turntaking
211,turntaking,turntaking,turntaking,turntaking
212,turntaking,turntaking,turntaking,turntaking
213,turntaking,turntaking,turntaking,turntaking
214,turntaking,turntaking,turntaking,turntaking
215,turntaking,turntaking,turntaking,turntaking
216,turntaking,turntaking,turntaking,turntaking
217,random,random,random,random
218,random,random,random,random
219,random,random,random,random
220,random,random,random,random
221,random,random,random,random
222,random,random,random,random
223,rotate,random,rotate,random
224,random,rotate,random,rotate
225,random,random,rotate,rotate
226,rotate,random,random,rotate
227,random,rotate,rotate,random
228,rotate,rotate,random,random
229,rotate,rotate,rotate,rotate
230,rotate,rotate,rotate,rotate
231,rotate,rotate,rotate,rotate
232,rotate,rotate,rotate,rotate
233,rotate,rotate,rotate,rotate
234,rotate,rotate,rotate,rotate
235,random3,random,random3,random
236,random,random3,random,random3
237,random,random,random3,random3
238,random3,random,random,random3
239,random,random3,random3,random
240,random3,random3,random,random
241,rotate,random3,rotate,random3
242,random3,rotate,random3,rotate
243,random3,random3,rotate,rotate
244,rotate,random3,random3,rotate
245,random3,rotate,rotate,random3
246,rotate,rotate,random3,random3
247,random3,random3,random3,random3
248,random3,random3,random3,random3
249,random3,random3,random3,random3
250,random3,random3,random3,random3
251,random3,random3,random3,random3
252,random3,random3,random3,random3
253,random,radicaleq,random,radicaleq
254,radicaleq,random,radicaleq,random
255,radicaleq,radicaleq,random,random
256,random,radicaleq,radicaleq,random
257,radicaleq,random,random,radicaleq
258,random,random,radicaleq,radicaleq
259,rotate,radicaleq,rotate,radicaleq
260,radicaleq,rotate,radicaleq,rotate
261,radicaleq,radicaleq,rotate,rotate
262,rotate,radicaleq,radicaleq,rotate
263,radicaleq,rotate,rotate,radicaleq
264,rotate,rotate,radicaleq,radicaleq
265,random3,radicaleq,random3,radicaleq
266,radicaleq,random3,radicaleq,random3
267,radicaleq,radicaleq,random3,random3
268,random3,radicaleq,radicaleq,random3
269,radicaleq,random3,random3,radicaleq
270,random3,random3,radicaleq,radicaleq
271,radicaleq,radicaleq,radicaleq,radicaleq
272,radicaleq,radicaleq,radicaleq,radicaleq
273,radicaleq,radicaleq,radicaleq,radicaleq
274,radicaleq,radicaleq,radicaleq,radicaleq
275,radicaleq,radicaleq,radicaleq,radicaleq
276,radicaleq,radicaleq,radicaleq,radicaleq
277,rotate0,random,rotate0,random
278,random,rotate0,random,rotate0
279,random,random,rotate0,rotate0
280,rotate0,random,random,rotate0
281,random,rotate0,rotate0,random
282,rotate0,rotate0,random,random
283,rotate,rotate0,rotate,rotate0
284,rotate0,rotate,rotate0,rotate
285,rotate0,rotate0,rotate,rotate
286,rotate,rotate0,rotate0,rotate
287,rotate0,rotate,rotate,rotate0
288,rotate,rotate,rotate0,rotate0
289,rotate0,random3,rotate0,random3
290,random3,rotate0,random3,rotate0
291,random3,random3,rotate0,rotate0
292,rotate0,random3,random3,rotate0
293,random3,rotate0,rotate0,random3
294,rotate0,rotate0,random3,random3
295,rotate0,radicaleq,rotate0,radicaleq
296,radicaleq,rotate0,radicaleq,rotate0
297,radicaleq,radicaleq,rotate0,rotate0
298,rotate0,radicaleq,radicaleq,rotate0
299,radicaleq,rotate0,rotate0,radicaleq
300,rotate0,rotate0,radicaleq,radicaleq
301,rotate0,rotate0,rotate0,rotate0
302,rotate0,rotate0,rotate0,rotate0
303,rotate0,rotate0,rotate0,rotate0
304,rotate0,rotate0,rotate0,rotate0
305,rotate0,rotate0,rotate0,rotate0
306,rotate0,rotate0,rotate0,rotate0
307,caste,random,caste,random
308,random,caste,random,caste
309,random,random,caste,caste
310,caste,random,random,caste
311,random,caste,caste,random
312,caste,caste,random,random
313,rotate,caste,rotate,caste
314,caste,rotate,caste,rotate
315,caste,caste,rotate,rotate
316,rotate,caste,caste,rotate
317,caste,rotate,rotate,caste
318,rotate,rotate,caste,caste
319,caste,random3,caste,random3
320,random3,caste,random3,caste
321,random3,random3,caste,caste
322,caste,random3,random3,caste
323,random3,caste,caste,random3
324,caste,caste,random3,random3
325,radicaleq,caste,radicaleq,caste
326,caste,radicaleq,caste,radicaleq
327,caste,caste,radicaleq,radicaleq
328,radicaleq,caste,caste,radicaleq
329,caste,radicaleq,radicaleq,caste
330,radicaleq,radicaleq,caste,caste
331,rotate0,caste,rotate0,caste
332,caste,rotate0,caste,rotate0
333,caste,caste,rotate0,rotate0
334,rotate0,caste,caste,rotate0
335,caste,rotate0,rotate0,caste
336,rotate0,rotate0,caste,caste
337,caste,caste,caste,caste
338,caste,caste,caste,caste
339,caste,caste,caste,caste
340,caste,caste,caste,caste
341,caste,caste,caste,caste
342,caste,caste,caste,caste
343,equalize,random,equalize,random
344,random,equalize,random,equalize
345,random,random,equalize,equalize
346,equalize,random,random,equalize
347,random,equalize,equalize,random
348,equalize,equalize,random,random
349,rotate,equalize,rotate,equalize
350,equalize,rotate,equalize,rotate
351,equalize,equalize,rotate,rotate
352,rotate,equalize,equalize,rotate
353,equalize,rotate,rotate,equalize
354,rotate,rotate,equalize,equalize
355,equalize,random3,equalize,random3
356,random3,equalize,random3,equalize
357,random3,random3,equalize,equalize
358,equalize,random3,random3,equalize
359,random3,equalize,equalize,random3
360,equalize,equalize,random3,random3
361,radicaleq,equalize,radicaleq,equalize
362,equalize,radicaleq,equalize,radicaleq
363,equalize,equalize,radicaleq,radicaleq
364,radicaleq,equalize,equalize,radicaleq
365,equalize,radicaleq,radicaleq,equalize
366,radicaleq,radicaleq,equalize,equalize
367,rotate0,equalize,rotate0,equalize
368,equalize,rotate0,equalize,rotate0
369,equalize,equalize,rotate0,rotate0
370,rotate0,equalize,equalize,rotate0
371,equalize,rotate0,rotate0,equalize
372,rotate0,rotate0,equalize,equalize
373,caste,equalize,caste,equalize
374,equalize,caste,equalize,caste
375,equalize,equalize,caste,caste
376,caste,equalize,equalize,caste
377,equalize,caste,caste,equalize
378,caste,caste,equalize,equalize
379,equalize,equalize,equalize,equalize
380,equalize,equalize,equalize,equalize
381,equalize,equalize,equalize,equalize
382,equalize,equalize,equalize,equalize
383,equalize,equalize,equalize,equalize
384,equalize,equalize,equalize,equalize
385,random,turntaking,random,turntaking
386,turntaking,random,turntaking,random
387,turntaking,turntaking,random,random
388,random,turntaking,turntaking,random
389,turntaking,random,random,turntaking
390,random,random,turntaking,turntaking
391,rotate,turntaking,rotate,turntaking
392,turntaking,rotate,turntaking,rotate
393,turntaking,turntaking,rotate,rotate
394,rotate,turntaking,turntaking,rotate
395,turntaking,rotate,rotate,turntaking
396,rotate,rotate,turntaking,turntaking
397,random3,turntaking,random3,turntaking
398,turntaking,random3,turntaking,random3
399,turntaking,turntaking,random3,random3
400,random3,turntaking,turntaking,random3
401,turntaking,random3,random3,turntaking
402,random3,random3,turntaking,turntaking
403,turntaking,radicaleq,turntaking,radicaleq
404,radicaleq,turntaking,radicaleq,turntaking
405,radicaleq,radicaleq,turntaking,turntaking
406,turntaking,radicaleq,radicaleq,turntaking
407,radicaleq,turntaking,turntaking,radicaleq
408,turntaking,turntaking,radicaleq,radicaleq
409,rotate0,turntaking,rotate0,turntaking
410,turntaking,rotate0,turntaking,rotate0
411,turntaking,turntaking,rotate0,rotate0
412,rotate0,turntaking,turntaking,rotate0
413,turntaking,rotate0,rotate0,turntaking
414,rotate0,rotate0,turntaking,turntaking
415,turntaking,caste,turntaking,caste
416,caste,turntaking,caste,turntaking
417,caste,caste,turntaking,turntaking
418,turntaking,caste,caste,turntaking
419,caste,turntaking,turntaking,caste
420,turntaking,turntaking,caste,caste
421,equalize,turntaking,equalize,turntaking
422,turntaking,equalize,turntaking,equalize
423,turntaking,turntaking,equalize,equalize
424,equalize,turntaking,turntaking,equalize
425,turntaking,equalize,equalize,turntaking
426,equalize,equalize,turntaking,turntaking
427,turntaking,turntaking,turntaking,turntaking
428,turntaking,turntaking,turntaking,turntaking
429,turntaking,turntaking,turntaking,turntaking
430,turntaking,turntaking,turntaking,turntaking
431,turntaking,turntaking,turntaking,turntaking
432,turntaking,turntaking,turntaking,turntaking
433,random,random,random,random
434,random,random,random,random
435,random,random,random,random
436,random,random,random,random
437,random,random,random,random
438,random,random,random,random
439,rotate,random,rotate,random
440,random,rotate,random,rotate
441,random,random,rotate,rotate
442,rotate,random,random,rotate
443,random,rotate,rotate,random
444,rotate,rotate,random,random
445,rotate,rotate,rotate,rotate
446,rotate,rotate,rotate,rotate
447,rotate,rotate,rotate,rotate
448,rotate,rotate,rotate,rotate
449,rotate,rotate,rotate,rotate
450,rotate,rotate,rotate,rotate
451,random3,random,random3,random
452,random,random3,random,random3
453,random,random,random3,random3
454,random3,random,random,random3
455,random,random3,random3,random
456,random3,random3,random,random
457,rotate,random3,rotate,random3
458,random3,rotate,random3,rotate
459,random3,random3,rotate,rotate
460,rotate,random3,random3,rotate
461,random3,rotate,rotate,random3
462,rotate,rotate,random3,random3
463,random3,random3,random3,random3
464,random3,random3,random3,random3
465,random3,random3,random3,random3
466,random3,random3,random3,random3
467,random3,random3,random3,random3
468,random3,random3,random3,random3
469,random,radicaleq,random,radicaleq
470,radicaleq,random,radicaleq,random
471,radicaleq,radicaleq,random,random
472,random,radicaleq,radicaleq,random
473,radicaleq,random,random,radicaleq
474,random,random,radicaleq,radicaleq
475,rotate,radicaleq,rotate,radicaleq
476,radicaleq,rotate,radicaleq,rotate
477,radicaleq,radicaleq,rotate,rotate
478,rotate,radicaleq,radicaleq,rotate
479,radicaleq,rotate,rotate,radicaleq
480,rotate,rotate,radicaleq,radicaleq
481,random3,radicaleq,random3,radicaleq
482,radicaleq,random3,radicaleq,random3
483,radicaleq,radicaleq,random3,random3
484,random3,radicaleq,radicaleq,random3
485,radicaleq,random3,random3,radicaleq
486,random3,random3,radicaleq,radicaleq
487,radicaleq,radicaleq,radicaleq,radicaleq
488,radicaleq,radicaleq,radicaleq,radicaleq
489,radicaleq,radicaleq,radicaleq,radicaleq
490,radicaleq,radicaleq,radicaleq,radicaleq
491,radicaleq,radicaleq,radicaleq,radicaleq
492,radicaleq,radicaleq,radicaleq,radicaleq
493,rotate0,random,rotate0,random
494,random,rotate0,random,rotate0
495,random,random,rotate0,rotate0
496,rotate0,random,random,rotate0
497,random,rotate0,rotate0,random
498,rotate0,rotate0,random,random
499,rotate,rotate0,rotate,rotate0
500,rotate0,rotate,rotate0,rotate
501,rotate0,rotate0,rotate,rotate
502,rotate,rotate0,rotate0,rotate
503,rotate0,rotate,rotate,rotate0
504,rotate,rotate,rotate0,rotate0
505,rotate0,random3,rotate0,random3
506,random3,rotate0,random3,rotate0
507,random3,random3,rotate0,rotate0
508,rotate0,random3,random3,rotate0
509,random3,rotate0,rotate0,random3
510,rotate0,rotate0,random3,random3
511,rotate0,radicaleq,rotate0,radicaleq
512,radicaleq,rotate0,radicaleq,rotate0
513,radicaleq,radicaleq,rotate0,rotate0
514,rotate0,radicaleq,radicaleq,rotate0
515,radicaleq,rotate0,rotate0,radicaleq
516,rotate0,rotate0,radicaleq,radicaleq
517,rotate0,rotate0,rotate0,rotate0
518,rotate0,rotate0,rotate0,rotate0
519,rotate0,rotate0,rotate0,rotate0
520,rotate0,rotate0,rotate0,rotate0
521,rotate0,rotate0,rotate0,rotate0
522,rotate0,rotate0,rotate0,rotate0
523,caste,random,caste,random
524,random,caste,random,caste
525,random,random,caste,caste
526,caste,random,random,caste
527,random,caste,caste,random
528,caste,caste,random,random
529,rotate,caste,rotate,caste
530,caste,rotate,caste,rotate
531,caste,caste,rotate,rotate
532,rotate,caste,caste,rotate
533,caste,rotate,rotate,caste
534,rotate,rotate,caste,caste
535,caste,random3,caste,random3
536,random3,caste,random3,caste
537,random3,random3,caste,caste
538,caste,random3,random3,caste
539,random3,caste,caste,random3
540,caste,caste,random3,random3
541,radicaleq,caste,radicaleq,caste
542,caste,radicaleq,caste,radicaleq
543,caste,caste,radicaleq,radicaleq
544,radicaleq,caste,caste,radicaleq
545,caste,radicaleq,radicaleq,caste
546,radicaleq,radicaleq,caste,caste
547,rotate0,caste,rotate0,caste
548,caste,rotate0,caste,rotate0
549,caste,caste,rotate0,rotate0
550,rotate0,caste,caste,rotate0
551,caste,rotate0,rotate0,caste
552,rotate0,rotate0,caste,caste
553,caste,caste,caste,caste
554,caste,caste,caste,caste
555,caste,caste,caste,caste
556,caste,caste,caste,caste
557,caste,caste,caste,caste
558,caste,caste,caste,caste
559,equalize,random,equalize,random
560,random,equalize,random,equalize
561,random,random,equalize,equalize
562,equalize,random,random,equalize
563,random,equalize,equalize,random
564,equalize,equalize,random,random
565,rotate,equalize,rotate,equalize
566,equalize,rotate,equalize,rotate
567,equalize,equalize,rotate,rotate
568,rotate,equalize,equalize,rotate
569,equalize,rotate,rotate,equalize
570,rotate,rotate,equalize,equalize
571,equalize,random3,equalize,random3
572,random3,equalize,random3,equalize
573,random3,random3,equalize,equalize
574,equalize,random3,random3,equalize
575,random3,equalize,equalize,random3
576,equalize,equalize,random3,random3
577,radicaleq,equalize,radicaleq,equalize
578,equalize,radicaleq,equalize,radicaleq
579,equalize,equalize,radicaleq,radicaleq
580,radicaleq,equalize,equalize,radicaleq
581,equalize,radicaleq,radicaleq,equalize
582,radicaleq,radicaleq,equalize,equalize
583,rotate0,equalize,rotate0,equalize
584,equalize,rotate0,equalize,rotate0
585,equalize,equalize,rotate0,rotate0
586,rotate0,equalize,equalize,rotate0
587,equalize,rotate0,rotate0,equalize
588,rotate0,rotate0,equalize,equalize
589,caste,equalize,caste,equalize
590,equalize,caste,equalize,caste
591,equalize,equalize,caste,caste
592,caste,equalize,equalize,caste
593,equalize,caste,caste,equalize
594,caste,caste,equalize,equalize
595,equalize,equalize,equalize,equalize
596,equalize,equalize,equalize,equalize
597,equalize,equalize,equalize,equalize
598,equalize,equalize,equalize,equalize
599,equalize,equalize,equalize,equalize
600,equalize,equalize,equalize,equalize
601,random,turntaking,random,turntaking
602,turntaking,random,turntaking,random
603,turntaking,turntaking,random,random
604,random,turntaking,turntaking,random
605,turntaking,random,random,turntaking
606,random,random,turntaking,turntaking
607,rotate,turntaking,rotate,turntaking
608,turntaking,rotate,turntaking,rotate
609,turntaking,turntaking,rotate,rotate
610,rotate,turntaking,turntaking,rotate
611,turntaking,rotate,rotate,turntaking
612,rotate,rotate,turntaking,turntaking
613,random3,turntaking,random3,turntaking
614,turntaking,random3,turntaking,random3
615,turntaking,turntaking,random3,random3
616,random3,turntaking,turntaking,random3
617,turntaking,random3,random3,turntaking
618,random3,random3,turntaking,turntaking
619,turntaking,radicaleq,turntaking,radicaleq
620,radicaleq,turntaking,radicaleq,turntaking
621,radicaleq,radicaleq,turntaking,turntaking
622,turntaking,radicaleq,radicaleq,turntaking
623,radicaleq,turntaking,turntaking,radicaleq
624,turntaking,turntaking,radicaleq,radicaleq
625,rotate0,turntaking,rotate0,turntaking
626,turntaking,rotate0,turntaking,rotate0
627,turntaking,turntaking,rotate0,rotate0
628,rotate0,turntaking,turntaking,rotate0
629,turntaking,rotate0,rotate0,turntaking
630,rotate0,rotate0,turntaking,turntaking
631,turntaking,caste,turntaking,caste
632,caste,turntaking,caste,turntaking
633,caste,caste,turntaking,turntaking
634,turntaking,caste,caste,turntaking
635,caste,turntaking,turntaking,caste
636,turntaking,turntaking,caste,caste
637,equalize,turntaking,equalize,turntaking
638,turntaking,equalize,turntaking,equalize
639,turntaking,turntaking,equalize,equalize
640,equalize,turntaking,turntaking,equalize
641,turntaking,equalize,equalize,turntaking
642,equalize,equalize,turntaking,turntaking
643,turntaking,turntaking,turntaking,turntaking
644,turntaking,turntaking,turntaking,turntaking
645,turntaking,turntaking,turntaking,turntaking
646,turntaking,turntaking,turntaking,turntaking
647,turntaking,turntaking,turntaking,turntaking
648,turntaking,turntaking,turntaking,turntaking
649,random,random,random,random
650,random,random,random,random
651,random,random,random,random
652,random,random,random,random
653,random,random,random,random
654,random,random,random,random
655,rotate,random,rotate,random
656,random,rotate,random,rotate
657,random,random,rotate,rotate
658,rotate,random,random,rotate
659,random,rotate,rotate,random
660,rotate,rotate,random,random
661,rotate,rotate,rotate,rotate
662,rotate,rotate,rotate,rotate
663,rotate,rotate,rotate,rotate
664,rotate,rotate,rotate,rotate
665,rotate,rotate,rotate,rotate
666,rotate,rotate,rotate,rotate
667,random3,random,random3,random
668,random,random3,random,random3
669,random,random,random3,random3
670,random3,random,random,random3
671,random,random3,random3,random
672,random3,random3,random,random
673,rotate,random3,rotate,random3
674,random3,rotate,random3,rotate
675,random3,random3,rotate,rotate
676,rotate,random3,random3,rotate
677,random3,rotate,rotate,random3
678,rotate,rotate,random3,random3
679,random3,random3,random3,random3
680,random3,random3,random3,random3
681,random3,random3,random3,random3
682,random3,random3,random3,random3
683,random3,random3,random3,random3
684,random3,random3,random3,random3
685,random,radicaleq,random,radicaleq
686,radicaleq,random,radicaleq,random
687,radicaleq,radicaleq,random,random
688,random,radicaleq,radicaleq,random
689,radicaleq,random,random,radicaleq
690,random,random,radicaleq,radicaleq
691,rotate,radicaleq,rotate,radicaleq
692,radicaleq,rotate,radicaleq,rotate
693,radicaleq,radicaleq,rotate,rotate
694,rotate,radicaleq,radicaleq,rotate
695,radicaleq,rotate,rotate,radicaleq
696,rotate,rotate,radicaleq,radicaleq
697,random3,radicaleq,random3,radicaleq
698,radicaleq,random3,radicaleq,random3
699,radicaleq,radicaleq,random3,random3
700,random3,radicaleq,radicaleq,random3
701,radicaleq,random3,random3,radicaleq
702,random3,random3,radicaleq,radicaleq
703,radicaleq,radicaleq,radicaleq,radicaleq
704,radicaleq,radicaleq,radicaleq,radicaleq
705,radicaleq,radicaleq,radicaleq,radicaleq
706,radicaleq,radicaleq,radicaleq,radicaleq
707,radicaleq,radicaleq,radicaleq,radicaleq
708,radicaleq,radicaleq,radicaleq,radicaleq
709,rotate0,random,rotate0,random
710,random,rotate0,random,rotate0
711,random,random,rotate0,rotate0
712,rotate0,random,random,rotate0
713,random,rotate0,rotate0,random
714,rotate0,rotate0,random,random
715,rotate,rotate0,rotate,rotate0
716,rotate0,rotate,rotate0,rotate
717,rotate0,rotate0,rotate,rotate
718,rotate,rotate0,rotate0,rotate
719,rotate0,rotate,rotate,rotate0
720,rotate,rotate,rotate0,rotate0
721,rotate0,random3,rotate0,random3
722,random3,rotate0,random3,rotate0
723,random3,random3,rotate0,rotate0
724,rotate0,random3,random3,rotate0
725,random3,rotate0,rotate0,random3
726,rotate0,rotate0,random3,random3
727,rotate0,radicaleq,rotate0,radicaleq
728,radicaleq,rotate0,radicaleq,rotate0
729,radicaleq,radicaleq,rotate0,rotate0
730,rotate0,radicaleq,radicaleq,rotate0
731,radicaleq,rotate0,rotate0,radicaleq
732,rotate0,rotate0,radicaleq,radicaleq
733,rotate0,rotate0,rotate0,rotate0
734,rotate0,rotate0,rotate0,rotate0
735,rotate0,rotate0,rotate0,rotate0
736,rotate0,rotate0,rotate0,rotate0
737,rotate0,rotate0,rotate0,rotate0
738,rotate0,rotate0,rotate0,rotate0
739,caste,random,caste,random
740,random,caste,random,caste
741,random,random,caste,caste
742,caste,random,random,caste
743,random,caste,caste,random
744,caste,caste,random,random
745,rotate,caste,rotate,caste
746,caste,rotate,caste,rotate
747,caste,caste,rotate,rotate
748,rotate,caste,caste,rotate
749,caste,rotate,rotate,caste
750,rotate,rotate,caste,caste
751,caste,random3,caste,random3
752,random3,caste,random3,caste
753,random3,random3,caste,caste
754,caste,random3,random3,caste
755,random3,caste,caste,random3
756,caste,caste,random3,random3
757,radicaleq,caste,radicaleq,caste
758,caste,radicaleq,caste,radicaleq
759,caste,caste,radicaleq,radicaleq
760,radicaleq,caste,caste,radicaleq
761,caste,radicaleq,radicaleq,caste
762,radicaleq,radicaleq,caste,caste
763,rotate0,caste,rotate0,caste
764,caste,rotate0,caste,rotate0
765,caste,caste,rotate0,rotate0
766,rotate0,caste,caste,rotate0
767,caste,rotate0,rotate0,caste
768,rotate0,rotate0,caste,caste
769,caste,caste,caste,caste
770,caste,caste,caste,caste
771,caste,caste,caste,caste
772,caste,caste,caste,caste
773,caste,caste,caste,caste
774,caste,caste,caste,caste
775,equalize,random,equalize,random
776,random,equalize,random,equalize
777,random,random,equalize,equalize
778,equalize,random,random,equalize
779,random,equalize,equalize,random
780,equalize,equalize,random,random
781,rotate,equalize,rotate,equalize
782,equalize,rotate,equalize,rotate
783,equalize,equalize,rotate,rotate
784,rotate,equalize,equalize,rotate
785,equalize,rotate,rotate,equalize
786,rotate,rotate,equalize,equalize
787,equalize,random3,equalize,random3
788,random3,equalize,random3,equalize
789,random3,random3,equalize,equalize
790,equalize,random3,random3,equalize
791,random3,equalize,equalize,random3
792,equalize,equalize,random3,random3
793,radicaleq,equalize,radicaleq,equalize
794,equalize,radicaleq,equalize,radicaleq
795,equalize,equalize,radicaleq,radicaleq
796,radicaleq,equalize,equalize,radicaleq
797,equalize,radicaleq,radicaleq,equalize
798,radicaleq,radicaleq,equalize,equalize
799,rotate0,equalize,rotate0,equalize
800,equalize,rotate0,equalize,rotate0
801,equalize,equalize,rotate0,rotate0
802,rotate0,equalize,equalize,rotate0
803,equalize,rotate0,rotate0,equalize
804,rotate0,rotate0,equalize,equalize
805,caste,equalize,caste,equalize
806,equalize,caste,equalize,caste
807,equalize,equalize,caste,caste
808,caste,equalize,equalize,caste
809,equalize,caste,caste,equalize
810,caste,caste,equalize,equalize
811,equalize,equalize,equalize,equalize
812,equalize,equalize,equalize,equalize
813,equalize,equalize,equalize,equalize
814,equalize,equalize,equalize,equalize
815,equalize,equalize,equalize,equalize
816,equalize,equalize,equalize,equalize
817,random,turntaking,random,turntaking
818,turntaking,random,turntaking,random
819,turntaking,turntaking,random,random
820,random,turntaking,turntaking,random
821,turntaking,random,random,turntaking
822,random,random,turntaking,turntaking
823,rotate,turntaking,rotate,turntaking
824,turntaking,rotate,turntaking,rotate
825,turntaking,turntaking,rotate,rotate
826,rotate,turntaking,turntaking,rotate
827,turntaking,rotate,rotate,turntaking
828,rotate,rotate,turntaking,turntaking
829,random3,turntaking,random3,turntaking
830,turntaking,random3,turntaking,random3
831,turntaking,turntaking,random3,random3
832,random3,turntaking,turntaking,random3
833,turntaking,random3,random3,turntaking
834,random3,random3,turntaking,turntaking
835,turntaking,radicaleq,turntaking,radicaleq
836,radicaleq,turntaking,radicaleq,turntaking
837,radicaleq,radicaleq,turntaking,turntaking
838,turntaking,radicaleq,radicaleq,turntaking
839,radicaleq,turntaking,turntaking,radicaleq
840,turntaking,turntaking,radicaleq,radicaleq
841,rotate0,turntaking,rotate0,turntaking
842,turntaking,rotate0,turntaking,rotate0
843,turntaking,turntaking,rotate0,rotate0
844,rotate0,turntaking,turntaking,rotate0
845,turntaking,rotate0,rotate0,turntaking
846,rotate0,rotate0,turntaking,turntaking
847,turntaking,caste,turntaking,caste
848,caste,turntaking,caste,turntaking
849,caste,caste,turntaking,turntaking
850,turntaking,caste,caste,turntaking
851,caste,turntaking,turntaking,caste
852,turntaking,turntaking,caste,caste
853,equalize,turntaking,equalize,turntaking
854,turntaking,equalize,turntaking,equalize
855,turntaking,turntaking,equalize,equalize
856,equalize,turntaking,turntaking,equalize
857,turntaking,equalize,equalize,turntaking
858,equalize,equalize,turntaking,turntaking
859,turntaking,turntaking,turntaking,turntaking
860,turntaking,turntaking,turntaking,turntaking
861,turntaking,turntaking,turntaking,turntaking
862,turntaking,turntaking,turntaking,turntaking
863,turntaking,turntaking,turntaking,turntaking
864,turntaking,turntaking,turntaking,turntaking
865,random,random,random,random
866,random,random,random,random
867,random,random,random,random
868,random,random,random,random
869,random,random,random,random
870,random,random,random,random
871,rotate,random,rotate,random
872,random,rotate,random,rotate
873,random,random,rotate,rotate
874,rotate,random,random,rotate
875,random,rotate,rotate,random
876,rotate,rotate,random,random
877,rotate,rotate,rotate,rotate
878,rotate,rotate,rotate,rotate
879,rotate,rotate,rotate,rotate
880,rotate,rotate,rotate,rotate
881,rotate,rotate,rotate,rotate
882,rotate,rotate,rotate,rotate
883,random3,random,random3,random
884,random,random3,random,random3
885,random,random,random3,random3
886,random3,random,random,random3
887,random,random3,random3,random
888,random3,random3,random,random
889,rotate,random3,rotate,random3
890,random3,rotate,random3,rotate
891,random3,random3,rotate,rotate
892,rotate,random3,random3,rotate
893,random3,rotate,rotate,random3
894,rotate,rotate,random3,random3
895,random3,random3,random3,random3
896,random3,random3,random3,random3
897,random3,random3,random3,random3
898,random3,random3,random3,random3
899,random3,random3,random3,random3
900,random3,random3,random3,random3
901,random,radicaleq,random,radicaleq
902,radicaleq,random,radicaleq,random
903,radicaleq,radicaleq,random,random
904,random,radicaleq,radicaleq,random
905,radicaleq,random,random,radicaleq
906,random,random,radicaleq,radicaleq
907,rotate,radicaleq,rotate,radicaleq
908,radicaleq,rotate,radicaleq,rotate
909,radicaleq,radicaleq,rotate,rotate
910,rotate,radicaleq,radicaleq,rotate
911,radicaleq,rotate,rotate,radicaleq
912,rotate,rotate,radicaleq,radicaleq
913,random3,radicaleq,random3,radicaleq
914,radicaleq,random3,radicaleq,random3
915,radicaleq,radicaleq,random3,random3
916,random3,radicaleq,radicaleq,random3
917,radicaleq,random3,random3,radicaleq
918,random3,random3,radicaleq,radicaleq
919,radicaleq,radicaleq,radicaleq,radicaleq
920,radicaleq,radicaleq,radicaleq,radicaleq
921,radicaleq,radicaleq,radicaleq,radicaleq
922,radicaleq,radicaleq,radicaleq,radicaleq
923,radicaleq,radicaleq,radicaleq,radicaleq
924,radicaleq,radicaleq,radicaleq,radicaleq
925,rotate0,random,rotate0,random
926,random,rotate0,random,rotate0
927,random,random,rotate0,rotate0
928,rotate0,random,random,rotate0
929,random,rotate0,rotate0,random
930,rotate0,rotate0,random,random
931,rotate,rotate0,rotate,rotate0
932,rotate0,rotate,rotate0,rotate
933,rotate0,rotate0,rotate,rotate
934,rotate,rotate0,rotate0,rotate
935,rotate0,rotate,rotate,rotate0
936,rotate,rotate,rotate0,rotate0
937,rotate0,random3,rotate0,random3
938,random3,rotate0,random3,rotate0
939,random3,random3,rotate0,rotate0
940,rotate0,random3,random3,rotate0
941,random3,rotate0,rotate0,random3
942,rotate0,rotate0,random3,random3
943,rotate0,radicaleq,rotate0,radicaleq
944,radicaleq,rotate0,radicaleq,rotate0
945,radicaleq,radicaleq,rotate0,rotate0
946,rotate0,radicaleq,radicaleq,rotate0
947,radicaleq,rotate0,rotate0,radicaleq
948,rotate0,rotate0,radicaleq,radicaleq
949,rotate0,rotate0,rotate0,rotate0
950,rotate0,rotate0,rotate0,rotate0
951,rotate0,rotate0,rotate0,rotate0
952,rotate0,rotate0,rotate0,rotate0
953,rotate0,rotate0,rotate0,rotate0
954,rotate0,rotate0,rotate0,rotate0
955,caste,random,caste,random
956,random,caste,random,caste
957,random,random,caste,caste
958,caste,random,random,caste
959,random,caste,caste,random
960,caste,caste,random,random
961,rotate,caste,rotate,caste
962,caste,rotate,caste,rotate
963,caste,caste,rotate,rotate
964,rotate,caste,caste,rotate
965,caste,rotate,rotate,caste
966,rotate,rotate,caste,caste
967,caste,random3,caste,random3
968,random3,caste,random3,caste
969,random3,random3,caste,caste
970,caste,random3,random3,caste
971,random3,caste,caste,random3
972,caste,caste,random3,random3
973,radicaleq,caste,radicaleq,caste
974,caste,radicaleq,caste,radicaleq
975,caste,caste,radicaleq,radicaleq
976,radicaleq,caste,caste,radicaleq
977,caste,radicaleq,radicaleq,caste
978,radicaleq,radicaleq,caste,caste
979,rotate0,caste,rotate0,caste
980,caste,rotate0,caste,rotate0
981,caste,caste,rotate0,rotate0
982,rotate0,caste,caste,rotate0
983,caste,rotate0,rotate0,caste
984,rotate0,rotate0,caste,caste
985,caste,caste,caste,caste
986,caste,caste,caste,caste
987,caste,caste,caste,caste
988,caste,caste,caste,caste
989,caste,caste,caste,caste
990,caste,caste,caste,caste
991,equalize,random,equalize,random
992,random,equalize,random,equalize
993,random,random,equalize,equalize
994,equalize,random,random,equalize
995,random,equalize,equalize,random
996,equalize,equalize,random,random
997,rotate,equalize,rotate,equalize
998,equalize,rotate,equalize,rotate
999,equalize,equalize,rotate,rotate
1000,rotate,equalize,equalize,rotate
1001,equalize,rotate,rotate,equalize
1002,rotate,rotate,equalize,equalize
1003,equalize,random3,equalize,random3
1004,random3,equalize,random3,equalize
1005,random3,random3,equalize,equalize
1006,equalize,random3,random3,equalize
1007,random3,equalize,equalize,random3
1008,equalize,equalize,random3,random3
1009,radicaleq,equalize,radicaleq,equalize
1010,equalize,radicaleq,equalize,radicaleq
1011,equalize,equalize,radicaleq,radicaleq
1012,radicaleq,equalize,equalize,radicaleq
1013,equalize,radicaleq,radicaleq,equalize
1014,radicaleq,radicaleq,equalize,equalize
1015,rotate0,equalize,rotate0,equalize
1016,equalize,rotate0,equalize,rotate0
1017,equalize,equalize,rotate0,rotate0
1018,rotate0,equalize,equalize,rotate0
1019,equalize,rotate0,rotate0,equalize
1020,rotate0,rotate0,equalize,equalize
1021,caste,equalize,caste,equalize
1022,equalize,caste,equalize,caste
1023,equalize,equalize,caste,caste
1024,caste,equalize,equalize,caste
1025,equalize,caste,caste,equalize
1026,caste,caste,equalize,equalize
1027,equalize,equalize,equalize,equalize
1028,equalize,equalize,equalize,equalize
1029,equalize,equalize,equalize,equalize
1030,equalize,equalize,equalize,equalize
1031,equalize,equalize,equalize,equalize
1032,equalize,equalize,equalize,equalize
1033,random,turntaking,random,turntaking
1034,turntaking,random,turntaking,random
1035,turntaking,turntaking,random,random
1036,random,turntaking,turntaking,random
1037,turntaking,random,random,turntaking
1038,random,random,turntaking,turntaking
1039,rotate,turntaking,rotate,turntaking
1040,turntaking,rotate,turntaking,rotate
1041,turntaking,turntaking,rotate,rotate
1042,rotate,turntaking,turntaking,rotate
1043,turntaking,rotate,rotate,turntaking
1044,rotate,rotate,turntaking,turntaking
1045,random3,turntaking,random3,turntaking
1046,turntaking,random3,turntaking,random3
1047,turntaking,turntaking,random3,random3
1048,random3,turntaking,turntaking,random3
1049,turntaking,random3,random3,turntaking
1050,random3,random3,turntaking,turntaking
1051,turntaking,radicaleq,turntaking,radicaleq
1052,radicaleq,turntaking,radicaleq,turntaking
1053,radicaleq,radicaleq,turntaking,turntaking
1054,turntaking,radicaleq,radicaleq,turntaking
1055,radicaleq,turntaking,turntaking,radicaleq
1056,turntaking,turntaking,radicaleq,radicaleq
1057,rotate0,turntaking,rotate0,turntaking
1058,turntaking,rotate0,turntaking,rotate0
1059,turntaking,turntaking,rotate0,rotate0
1060,rotate0,turntaking,turntaking,rotate0
1061,turntaking,rotate0,rotate0,turntaking
1062,rotate0,rotate0,turntaking,turntaking
1063,turntaking,caste,turntaking,caste
1064,caste,turntaking,caste,turntaking
1065,caste,caste,turntaking,turntaking
1066,turntaking,caste,caste,turntaking
1067,caste,turntaking,turntaking,caste
1068,turntaking,turntaking,caste,caste
1069,equalize,turntaking,equalize,turntaking
1070,turntaking,equalize,turntaking,equalize
1071,turntaking,turntaking,equalize,equalize
1072,equalize,turntaking,turntaking,equalize
1073,turntaking,equalize,equalize,turntaking
1074,equalize,equalize,turntaking,turntaking
1075,turntaking,turntaking,turntaking,turntaking
1076,turntaking,turntaking,turntaking,turntaking
1077,turntaking,turntaking,turntaking,turntaking
1078,turntaking,turntaking,turntaking,turntaking
1079,turntaking,turntaking,turntaking,turntaking
1080,turntaking,turntaking,turntaking,turntaking
1081,random,random,random,random
1082,random,random,random,random
1083,random,random,random,random
1084,random,random,random,random
1085,random,random,random,random
1086,random,random,random,random
1087,rotate,random,rotate,random
1088,random,rotate,random,rotate
1089,random,random,rotate,rotate
1090,rotate,random,random,rotate
1091,random,rotate,rotate,random
1092,rotate,rotate,random,random
1093,rotate,rotate,rotate,rotate
1094,rotate,rotate,rotate,rotate
1095,rotate,rotate,rotate,rotate
1096,rotate,rotate,rotate,rotate
1097,rotate,rotate,rotate,rotate
1098,rotate,rotate,rotate,rotate
1099,random3,random,random3,random
1100,random,random3,random,random3
1101,random,random,random3,random3
1102,random3,random,random,random3
1103,random,random3,random3,random
1104,random3,random3,random,random
1105,rotate,random3,rotate,random3
1106,random3,rotate,random3,rotate
1107,random3,random3,rotate,rotate
1108,rotate,random3,random3,rotate
1109,random3,rotate,rotate,random3
1110,rotate,rotate,random3,random3
1111,random3,random3,random3,random3
1112,random3,random3,random3,random3
1113,random3,random3,random3,random3
1114,random3,random3,random3,random3
1115,random3,random3,random3,random3
1116,random3,random3,random3,random3
1117,random,radicaleq,random,radicaleq
1118,radicaleq,random,radicaleq,random
1119,radicaleq,radicaleq,random,random
1120,random,radicaleq,radicaleq,random
1121,radicaleq,random,random,radicaleq
1122,random,random,radicaleq,radicaleq
1123,rotate,radicaleq,rotate,radicaleq
1124,radicaleq,rotate,radicaleq,rotate
1125,radicaleq,radicaleq,rotate,rotate
1126,rotate,radicaleq,radicaleq,rotate
1127,radicaleq,rotate,rotate,radicaleq
1128,rotate,rotate,radicaleq,radicaleq
1129,random3,radicaleq,random3,radicaleq
1130,radicaleq,random3,radicaleq,random3
1131,radicaleq,radicaleq,random3,random3
1132,random3,radicaleq,radicaleq,random3
1133,radicaleq,random3,random3,radicaleq
1134,random3,random3,radicaleq,radicaleq
1135,radicaleq,radicaleq,radicaleq,radicaleq
1136,radicaleq,radicaleq,radicaleq,radicaleq
1137,radicaleq,radicaleq,radicaleq,radicaleq
1138,radicaleq,radicaleq,radicaleq,radicaleq
1139,radicaleq,radicaleq,radicaleq,radicaleq
1140,radicaleq,radicaleq,radicaleq,radicaleq
1141,rotate0,random,rotate0,random
1142,random,rotate0,random,rotate0
1143,random,random,rotate0,rotate0
1144,rotate0,random,random,rotate0
1145,random,rotate0,rotate0,random
1146,rotate0,rotate0,random,random
1147,rotate,rotate0,rotate,rotate0
1148,rotate0,rotate,rotate0,rotate
1149,rotate0,rotate0,rotate,rotate
1150,rotate,rotate0,rotate0,rotate
1151,rotate0,rotate,rotate,rotate0
1152,rotate,rotate,rotate0,rotate0
1153,rotate0,random3,rotate0,random3
1154,random3,rotate0,random3,rotate0
1155,random3,random3,rotate0,rotate0
1156,rotate0,random3,random3,rotate0
1157,random3,rotate0,rotate0,random3
1158,rotate0,rotate0,random3,random3
1159,rotate0,radicaleq,rotate0,radicaleq
1160,radicaleq,rotate0,radicaleq,rotate0
1161,radicaleq,radicaleq,rotate0,rotate0
1162,rotate0,radicaleq,radicaleq,rotate0
1163,radicaleq,rotate0,rotate0,radicaleq
1164,rotate0,rotate0,radicaleq,radicaleq
1165,rotate0,rotate0,rotate0,rotate0
1166,rotate0,rotate0,rotate0,rotate0
1167,rotate0,rotate0,rotate0,rotate0
1168,rotate0,rotate0,rotate0,rotate0
1169,rotate0,rotate0,rotate0,rotate0
1170,rotate0,rotate0,rotate0,rotate0
1171,caste,random,caste,random
1172,random,caste,random,caste
1173,random,random,caste,caste
1174,caste,random,random,caste
1175,random,caste,caste,random
1176,caste,caste,random,random
1177,rotate,caste,rotate,caste
1178,caste,rotate,caste,rotate
1179,caste,caste,rotate,rotate
1180,rotate,caste,caste,rotate
1181,caste,rotate,rotate,caste
1182,rotate,rotate,caste,caste
1183,caste,random3,caste,random3
1184,random3,caste,random3,caste
1185,random3,random3,caste,caste
1186,caste,random3,random3,caste
1187,random3,caste,caste,random3
1188,caste,caste,random3,random3
1189,radicaleq,caste,radicaleq,caste
1190,caste,radicaleq,caste,radicaleq
1191,caste,caste,radicaleq,radicaleq
1192,radicaleq,caste,caste,radicaleq
1193,caste,radicaleq,radicaleq,caste
1194,radicaleq,radicaleq,caste,caste
1195,rotate0,caste,rotate0,caste
1196,caste,rotate0,caste,rotate0
1197,caste,caste,rotate0,rotate0
1198,rotate0,caste,caste,rotate0
1199,caste,rotate0,rotate0,caste
1200,rotate0,rotate0,caste,caste
1201,caste,caste,caste,caste
1202,caste,caste,caste,caste
1203,caste,caste,caste,caste
1204,caste,caste,caste,caste
1205,caste,caste,caste,caste
1206,caste,caste,caste,caste
1207,equalize,random,equalize,random
1208,random,equalize,random,equalize
1209,random,random,equalize,equalize
1210,equalize,random,random,equalize
1211,random,equalize,equalize,random
1212,equalize,equalize,random,random
1213,rotate,equalize,rotate,equalize
1214,equalize,rotate,equalize,rotate
1215,equalize,equalize,rotate,rotate
1216,rotate,equalize,equalize,rotate
1217,equalize,rotate,rotate,equalize
1218,rotate,rotate,equalize,equalize
1219,equalize,random3,equalize,random3
1220,random3,equalize,random3,equalize
1221,random3,random3,equalize,equalize
1222,equalize,random3,random3,equalize
1223,random3,equalize,equalize,random3
1224,equalize,equalize,random3,random3
1225,radicaleq,equalize,radicaleq,equalize
1226,equalize,radicaleq,equalize,radicaleq
1227,equalize,equalize,radicaleq,radicaleq
1228,radicaleq,equalize,equalize,radicaleq
1229,equalize,radicaleq,radicaleq,equalize
1230,radicaleq,radicaleq,equalize,equalize
1231,rotate0,equalize,rotate0,equalize
1232,equalize,rotate0,equalize,rotate0
1233,equalize,equalize,rotate0,rotate0
1234,rotate0,equalize,equalize,rotate0
1235,equalize,rotate0,rotate0,equalize
1236,rotate0,rotate0,equalize,equalize
1237,caste,equalize,caste,equalize
1238,equalize,caste,equalize,caste
1239,equalize,equalize,caste,caste
1240,caste,equalize,equalize,caste
1241,equalize,caste,caste,equalize
1242,caste,caste,equalize,equalize
1243,equalize,equalize,equalize,equalize
1244,equalize,equalize,equalize,equalize
1245,equalize,equalize,equalize,equalize
1246,equalize,equalize,equalize,equalize
1247,equalize,equalize,equalize,equalize
1248,equalize,equalize,equalize,equalize
1249,random,turntaking,random,turntaking
1250,turntaking,random,turntaking,random
1251,turntaking,turntaking,random,random
1252,random,turntaking,turntaking,random
1253,turntaking,random,random,turntaking
1254,random,random,turntaking,turntaking
1255,rotate,turntaking,rotate,turntaking
1256,turntaking,rotate,turntaking,rotate
1257,turntaking,turntaking,rotate,rotate
1258,rotate,turntaking,turntaking,rotate
1259,turntaking,rotate,rotate,turntaking
1260,rotate,rotate,turntaking,turntaking
1261,random3,turntaking,random3,turntaking
1262,turntaking,random3,turntaking,random3
1263,turntaking,turntaking,random3,random3
1264,random3,turntaking,turntaking,random3
1265,turntaking,random3,random3,turntaking
1266,random3,random3,turntaking,turntaking
1267,turntaking,radicaleq,turntaking,radicaleq
1268,radicaleq,turntaking,radicaleq,turntaking
1269,radicaleq,radicaleq,turntaking,turntaking
1270,turntaking,radicaleq,radicaleq,turntaking
1271,radicaleq,turntaking,turntaking,radicaleq
1272,turntaking,turntaking,radicaleq,radicaleq
1273,rotate0,turntaking,rotate0,turntaking
1274,turntaking,rotate0,turntaking,rotate0
1275,turntaking,turntaking,rotate0,rotate0
1276,rotate0,turntaking,turntaking,rotate0
1277,turntaking,rotate0,rotate0,turntaking
1278,rotate0,rotate0,turntaking,turntaking
1279,turntaking,caste,turntaking,caste
1280,caste,turntaking,caste,turntaking
1281,caste,caste,turntaking,turntaking
1282,turntaking,caste,caste,turntaking
1283,caste,turntaking,turntaking,caste
1284,turntaking,turntaking,caste,caste
1285,equalize,turntaking,equalize,turntaking
1286,turntaking,equalize,turntaking,equalize
1287,turntaking,turntaking,equalize,equalize
1288,equalize,turntaking,turntaking,equalize
1289,turntaking,equalize,equalize,turntaking
1290,equalize,equalize,turntaking,turntaking
1291,turntaking,turntaking,turntaking,turntaking
1292,turntaking,turntaking,turntaking,turntaking
1293,turntaking,turntaking,turntaking,turntaking
1294,turntaking,turntaking,turntaking,turntaking
1295,turntaking,turntaking,turntaking,turntaking
1296,turntaking,turntaking,turntaking,turntaking
1297,random,random,random,random
1298,random,random,random,random
1299,random,random,random,random
1300,random,random,random,random
1301,random,random,random,random
1302,random,random,random,random
1303,rotate,random,rotate,random
1304,random,rotate,random,rotate
1305,random,random,rotate,rotate
1306,rotate,random,random,rotate
1307,random,rotate,rotate,random
1308,rotate,rotate,random,random
1309,rotate,rotate,rotate,rotate
1310,rotate,rotate,rotate,rotate
1311,rotate,rotate,rotate,rotate
1312,rotate,rotate,rotate,rotate
1313,rotate,rotate,rotate,rotate
1314,rotate,rotate,rotate,rotate
1315,random3,random,random3,random
1316,random,random3,random,random3
1317,random,random,random3,random3
1318,random3,random,random,random3
1319,random,random3,random3,random
1320,random3,random3,random,random
1321,rotate,random3,rotate,random3
1322,random3,rotate,random3,rotate
1323,random3,random3,rotate,rotate
1324,rotate,random3,random3,rotate
1325,random3,rotate,rotate,random3
1326,rotate,rotate,random3,random3
1327,random3,random3,random3,random3
1328,random3,random3,random3,random3
1329,random3,random3,random3,random3
1330,random3,random3,random3,random3
1331,random3,random3,random3,random3
1332,random3,random3,random3,random3
1333,random,radicaleq,random,radicaleq
1334,radicaleq,random,radicaleq,random
1335,radicaleq,radicaleq,random,random
1336,random,radicaleq,radicaleq,random
1337,radicaleq,random,random,radicaleq
1338,random,random,radicaleq,radicaleq
1339,rotate,radicaleq,rotate,radicaleq
1340,radicaleq,rotate,radicaleq,rotate
1341,radicaleq,radicaleq,rotate,rotate
1342,rotate,radicaleq,radicaleq,rotate
1343,radicaleq,rotate,rotate,radicaleq
1344,rotate,rotate,radicaleq,radicaleq
1345,random3,radicaleq,random3,radicaleq
1346,radicaleq,random3,radicaleq,random3
1347,radicaleq,radicaleq,random3,random3
1348,random3,radicaleq,radicaleq,random3
1349,radicaleq,random3,random3,radicaleq
1350,random3,random3,radicaleq,radicaleq
1351,radicaleq,radicaleq,radicaleq,radicaleq
1352,radicaleq,radicaleq,radicaleq,radicaleq
1353,radicaleq,radicaleq,radicaleq,radicaleq
1354,radicaleq,radicaleq,radicaleq,radicaleq
1355,radicaleq,radicaleq,radicaleq,radicaleq
1356,radicaleq,radicaleq,radicaleq,radicaleq
1357,rotate0,random,rotate0,random
1358,random,rotate0,random,rotate0
1359,random,random,rotate0,rotate0
1360,rotate0,random,random,rotate0
1361,random,rotate0,rotate0,random
1362,rotate0,rotate0,random,random
1363,rotate,rotate0,rotate,rotate0
1364,rotate0,rotate,rotate0,rotate
1365,rotate0,rotate0,rotate,rotate
1366,rotate,rotate0,rotate0,rotate
1367,rotate0,rotate,rotate,rotate0
1368,rotate,rotate,rotate0,rotate0
1369,rotate0,random3,rotate0,random3
1370,random3,rotate0,random3,rotate0
1371,random3,random3,rotate0,rotate0
1372,rotate0,random3,random3,rotate0
1373,random3,rotate0,rotate0,random3
1374,rotate0,rotate0,random3,random3
1375,rotate0,radicaleq,rotate0,radicaleq
1376,radicaleq,rotate0,radicaleq,rotate0
1377,radicaleq,radicaleq,rotate0,rotate0
1378,rotate0,radicaleq,radicaleq,rotate0
1379,radicaleq,rotate0,rotate0,radicaleq
1380,rotate0,rotate0,radicaleq,radicaleq
1381,rotate0,rotate0,rotate0,rotate0
1382,rotate0,rotate0,rotate0,rotate0
1383,rotate0,rotate0,rotate0,rotate0
1384,rotate0,rotate0,rotate0,rotate0
1385,rotate0,rotate0,rotate0,rotate0
1386,rotate0,rotate0,rotate0,rotate0
1387,caste,random,caste,random
1388,random,caste,random,caste
1389,random,random,caste,caste
1390,caste,random,random,caste
1391,random,caste,caste,random
1392,caste,caste,random,random
1393,rotate,caste,rotate,caste
1394,caste,rotate,caste,rotate
1395,caste,caste,rotate,rotate
1396,rotate,caste,caste,rotate
1397,caste,rotate,rotate,caste
1398,rotate,rotate,caste,caste
1399,caste,random3,caste,random3
1400,random3,caste,random3,caste
1401,random3,random3,caste,caste
1402,caste,random3,random3,caste
1403,random3,caste,caste,random3
1404,caste,caste,random3,random3
1405,radicaleq,caste,radicaleq,caste
1406,caste,radicaleq,caste,radicaleq
1407,caste,caste,radicaleq,radicaleq
1408,radicaleq,caste,caste,radicaleq
1409,caste,radicaleq,radicaleq,caste
1410,radicaleq,radicaleq,caste,caste
1411,rotate0,caste,rotate0,caste
1412,caste,rotate0,caste,rotate0
1413,caste,caste,rotate0,rotate0
1414,rotate0,caste,caste,rotate0
1415,caste,rotate0,rotate0,caste
1416,rotate0,rotate0,caste,caste
1417,caste,caste,caste,caste
1418,caste,caste,caste,caste
1419,caste,caste,caste,caste
1420,caste,caste,caste,caste
1421,caste,caste,caste,caste
1422,caste,caste,caste,caste
1423,equalize,random,equalize,random
1424,random,equalize,random,equalize
1425,random,random,equalize,equalize
1426,equalize,random,random,equalize
1427,random,equalize,equalize,random
1428,equalize,equalize,random,random
1429,rotate,equalize,rotate,equalize
1430,equalize,rotate,equalize,rotate
1431,equalize,equalize,rotate,rotate
1432,rotate,equalize,equalize,rotate
1433,equalize,rotate,rotate,equalize
1434,rotate,rotate,equalize,equalize
1435,equalize,random3,equalize,random3
1436,random3,equalize,random3,equalize
1437,random3,random3,equalize,equalize
1438,equalize,random3,random3,equalize
1439,random3,equalize,equalize,random3
1440,equalize,equalize,random3,random3
1441,radicaleq,equalize,radicaleq,equalize
1442,equalize,radicaleq,equalize,radicaleq
1443,equalize,equalize,radicaleq,radicaleq
1444,radicaleq,equalize,equalize,radicaleq
1445,equalize,radicaleq,radicaleq,equalize
1446,radicaleq,radicaleq,equalize,equalize
1447,rotate0,equalize,rotate0,equalize
1448,equalize,rotate0,equalize,rotate0
1449,equalize,equalize,rotate0,rotate0
1450,rotate0,equalize,equalize,rotate0
1451,equalize,rotate0,rotate0,equalize
1452,rotate0,rotate0,equalize,equalize
1453,caste,equalize,caste,equalize
1454,equalize,caste,equalize,caste
1455,equalize,equalize,caste,caste
1456,caste,equalize,equalize,caste
1457,equalize,caste,caste,equalize
1458,caste,caste,equalize,equalize
1459,equalize,equalize,equalize,equalize
1460,equalize,equalize,equalize,equalize
1461,equalize,equalize,equalize,equalize
1462,equalize,equalize,equalize,equalize
1463,equalize,equalize,equalize,equalize
1464,equalize,equalize,equalize,equalize
1465,random,turntaking,random,turntaking
1466,turntaking,random,turntaking,random
1467,turntaking,turntaking,random,random
1468,random,turntaking,turntaking,random
1469,turntaking,random,random,turntaking
1470,random,random,turntaking,turntaking
1471,rotate,turntaking,rotate,turntaking
1472,turntaking,rotate,turntaking,rotate
1473,turntaking,turntaking,rotate,rotate
1474,rotate,turntaking,turntaking,rotate
1475,turntaking,rotate,rotate,turntaking
1476,rotate,rotate,turntaking,turntaking
1477,random3,turntaking,random3,turntaking
1478,turntaking,random3,turntaking,random3
1479,turntaking,turntaking,random3,random3
1480,random3,turntaking,turntaking,random3
1481,turntaking,random3,random3,turntaking
1482,random3,random3,turntaking,turntaking
1483,turntaking,radicaleq,turntaking,radicaleq
1484,radicaleq,turntaking,radicaleq,turntaking
1485,radicaleq,radicaleq,turntaking,turntaking
1486,turntaking,radicaleq,radicaleq,turntaking
1487,radicaleq,turntaking,turntaking,radicaleq
1488,turntaking,turntaking,radicaleq,radicaleq
1489,rotate0,turntaking,rotate0,turntaking
1490,turntaking,rotate0,turntaking,rotate0
1491,turntaking,turntaking,rotate0,rotate0
1492,rotate0,turntaking,turntaking,rotate0
1493,turntaking,rotate0,rotate0,turntaking
1494,rotate0,rotate0,turntaking,turntaking
1495,turntaking,caste,turntaking,caste
1496,caste,turntaking,caste,turntaking
1497,caste,caste,turntaking,turntaking
1498,turntaking,caste,caste,turntaking
1499,caste,turntaking,turntaking,caste
1500,turntaking,turntaking,caste,caste
1501,equalize,turntaking,equalize,turntaking
1502,turntaking,equalize,turntaking,equalize
1503,turntaking,turntaking,equalize,equalize
1504,equalize,turntaking,turntaking,equalize
1505,turntaking,equalize,equalize,turntaking
1506,equalize,equalize,turntaking,turntaking
1507,turntaking,turntaking,turntaking,turntaking
1508,turntaking,turntaking,turntaking,turntaking
1509,turntaking,turntaking,turntaking,turntaking
1510,turntaking,turntaking,turntaking,turntaking
1511,turntaking,turntaking,turntaking,turntaking
1512,turntaking,turntaking,turntaking,turntaking
